name,time,od550aer
Afghanistan,1850-01-16,0.032757852
Afghanistan,1850-02-15,0.045063768
Afghanistan,1850-03-16,0.091037065
Afghanistan,1850-04-16,0.096805215
Afghanistan,1850-05-16,0.08424313
Afghanistan,1850-06-16,0.076457724
Afghanistan,1850-07-16,0.08320525
Afghanistan,1850-08-16,0.07355285
Afghanistan,1850-09-16,0.054327313
Afghanistan,1850-10-16,0.06386837
Afghanistan,1850-11-16,0.05086316
Afghanistan,1850-12-16,0.016658392
Albania,1850-01-16,0.08954182
Albania,1850-02-15,0.06369328
Albania,1850-03-16,0.13653834
Albania,1850-04-16,0.1375561
Albania,1850-05-16,0.10523596
Albania,1850-06-16,0.1699777
Albania,1850-07-16,0.14523447
Albania,1850-08-16,0.11945167
Albania,1850-09-16,0.19981307
Albania,1850-10-16,0.11856065
Albania,1850-11-16,0.103227645
Albania,1850-12-16,0.0620882
Algeria,1850-01-16,0.07018698
Algeria,1850-02-15,0.096852496
Algeria,1850-03-16,0.23929513
Algeria,1850-04-16,0.16608424
Algeria,1850-05-16,0.3655312
Algeria,1850-06-16,0.515745
Algeria,1850-07-16,0.45811525
Algeria,1850-08-16,0.3880847
Algeria,1850-09-16,0.28387022
Algeria,1850-10-16,0.17483203
Algeria,1850-11-16,0.07404565
Algeria,1850-12-16,0.05849448
Angola,1850-01-16,0.11362641
Angola,1850-02-15,0.116213605
Angola,1850-03-16,0.09481533
Angola,1850-04-16,0.063047044
Angola,1850-05-16,0.08199389
Angola,1850-06-16,0.20670378
Angola,1850-07-16,0.296145
Angola,1850-08-16,0.2723163
Angola,1850-09-16,0.32025033
Angola,1850-10-16,0.21195044
Angola,1850-11-16,0.12361143
Angola,1850-12-16,0.08731581
Antarctica,1850-01-16,0.026273763
Antarctica,1850-02-15,0.021334892
Antarctica,1850-03-16,0.011349399
Antarctica,1850-04-16,0.007048418
Antarctica,1850-05-16,0.006815992
Antarctica,1850-06-16,0.005468418
Antarctica,1850-07-16,0.0062564476
Antarctica,1850-08-16,0.006801363
Antarctica,1850-09-16,0.0069779046
Antarctica,1850-10-16,0.008899227
Antarctica,1850-11-16,0.013201371
Antarctica,1850-12-16,0.018315597
Argentina,1850-01-16,0.09930548
Argentina,1850-02-15,0.17696415
Argentina,1850-03-16,0.08079978
Argentina,1850-04-16,0.045070328
Argentina,1850-05-16,0.064547114
Argentina,1850-06-16,0.04081493
Argentina,1850-07-16,0.061004158
Argentina,1850-08-16,0.09750879
Argentina,1850-09-16,0.17330745
Argentina,1850-10-16,0.3862695
Argentina,1850-11-16,0.19153458
Argentina,1850-12-16,0.20596771
Armenia,1850-01-16,0.042215116
Armenia,1850-02-15,0.030553823
Armenia,1850-03-16,0.07800246
Armenia,1850-04-16,0.09715806
Armenia,1850-05-16,0.10634062
Armenia,1850-06-16,0.11981468
Armenia,1850-07-16,0.1180844
Armenia,1850-08-16,0.1290304
Armenia,1850-09-16,0.107375085
Armenia,1850-10-16,0.086098865
Armenia,1850-11-16,0.03306032
Armenia,1850-12-16,0.02447749
Australia,1850-01-16,0.22229771
Australia,1850-02-15,0.15056619
Australia,1850-03-16,0.09995666
Australia,1850-04-16,0.04909639
Australia,1850-05-16,0.04286555
Australia,1850-06-16,0.036150593
Australia,1850-07-16,0.039708104
Australia,1850-08-16,0.055971622
Australia,1850-09-16,0.09975661
Australia,1850-10-16,0.12470381
Australia,1850-11-16,0.16422443
Australia,1850-12-16,0.20409912
Austria,1850-01-16,0.095909074
Austria,1850-02-15,0.06742679
Austria,1850-03-16,0.10607093
Austria,1850-04-16,0.12083774
Austria,1850-05-16,0.06676666
Austria,1850-06-16,0.09623891
Austria,1850-07-16,0.084444016
Austria,1850-08-16,0.0774394
Austria,1850-09-16,0.057810884
Austria,1850-10-16,0.05001227
Austria,1850-11-16,0.07565275
Austria,1850-12-16,0.06952806
Azerbaijan,1850-01-16,0.053055406
Azerbaijan,1850-02-15,0.13633533
Azerbaijan,1850-03-16,0.10570431
Azerbaijan,1850-04-16,0.110450886
Azerbaijan,1850-05-16,0.13914756
Azerbaijan,1850-06-16,0.1566929
Azerbaijan,1850-07-16,0.16710459
Azerbaijan,1850-08-16,0.2157345
Azerbaijan,1850-09-16,0.19677357
Azerbaijan,1850-10-16,0.17356355
Azerbaijan,1850-11-16,0.054505866
Azerbaijan,1850-12-16,0.029942596
Bangladesh,1850-01-16,0.102755845
Bangladesh,1850-02-15,0.15618157
Bangladesh,1850-03-16,0.30051404
Bangladesh,1850-04-16,0.45272127
Bangladesh,1850-05-16,0.4947196
Bangladesh,1850-06-16,0.70283276
Bangladesh,1850-07-16,0.46789885
Bangladesh,1850-08-16,0.18995784
Bangladesh,1850-09-16,0.15759014
Bangladesh,1850-10-16,0.1466609
Bangladesh,1850-11-16,0.09532909
Bangladesh,1850-12-16,0.07020491
Belarus,1850-01-16,0.080602065
Belarus,1850-02-15,0.0920203
Belarus,1850-03-16,0.09255738
Belarus,1850-04-16,0.11496367
Belarus,1850-05-16,0.058137022
Belarus,1850-06-16,0.11091259
Belarus,1850-07-16,0.12589373
Belarus,1850-08-16,0.058739785
Belarus,1850-09-16,0.052823797
Belarus,1850-10-16,0.0448489
Belarus,1850-11-16,0.074426
Belarus,1850-12-16,0.067551814
Belgium,1850-01-16,0.21259841
Belgium,1850-02-15,0.13461706
Belgium,1850-03-16,0.14233218
Belgium,1850-04-16,0.14985621
Belgium,1850-05-16,0.11847328
Belgium,1850-06-16,0.12086724
Belgium,1850-07-16,0.13220993
Belgium,1850-08-16,0.10862109
Belgium,1850-09-16,0.073252596
Belgium,1850-10-16,0.08348779
Belgium,1850-11-16,0.13700578
Belgium,1850-12-16,0.15370639
Benin,1850-01-16,0.28753865
Benin,1850-02-15,0.31135306
Benin,1850-03-16,0.53666794
Benin,1850-04-16,0.622938
Benin,1850-05-16,0.51492375
Benin,1850-06-16,0.22170228
Benin,1850-07-16,0.18150142
Benin,1850-08-16,0.3065374
Benin,1850-09-16,0.28198543
Benin,1850-10-16,0.25448713
Benin,1850-11-16,0.28830898
Benin,1850-12-16,0.2689711
Bhutan,1850-01-16,0.03567828
Bhutan,1850-02-15,0.04209854
Bhutan,1850-03-16,0.12123665
Bhutan,1850-04-16,0.21985245
Bhutan,1850-05-16,0.28031042
Bhutan,1850-06-16,0.23505361
Bhutan,1850-07-16,0.11399704
Bhutan,1850-08-16,0.06897927
Bhutan,1850-09-16,0.075582065
Bhutan,1850-10-16,0.039740745
Bhutan,1850-11-16,0.025292903
Bhutan,1850-12-16,0.02631306
Bolivia,1850-01-16,0.16078748
Bolivia,1850-02-15,0.14758201
Bolivia,1850-03-16,0.13814016
Bolivia,1850-04-16,0.0849267
Bolivia,1850-05-16,0.07607813
Bolivia,1850-06-16,0.051931288
Bolivia,1850-07-16,0.067350894
Bolivia,1850-08-16,0.16255601
Bolivia,1850-09-16,0.28613082
Bolivia,1850-10-16,0.34912866
Bolivia,1850-11-16,0.24483457
Bolivia,1850-12-16,0.12919457
Bosnia and Herzegovina,1850-01-16,0.08829999
Bosnia and Herzegovina,1850-02-15,0.062529944
Bosnia and Herzegovina,1850-03-16,0.14000429
Bosnia and Herzegovina,1850-04-16,0.10871259
Bosnia and Herzegovina,1850-05-16,0.07229968
Bosnia and Herzegovina,1850-06-16,0.1339574
Bosnia and Herzegovina,1850-07-16,0.108276926
Bosnia and Herzegovina,1850-08-16,0.10751444
Bosnia and Herzegovina,1850-09-16,0.13916874
Bosnia and Herzegovina,1850-10-16,0.07203275
Bosnia and Herzegovina,1850-11-16,0.092273064
Bosnia and Herzegovina,1850-12-16,0.056407083
Botswana,1850-01-16,0.07979699
Botswana,1850-02-15,0.0618983
Botswana,1850-03-16,0.0505596
Botswana,1850-04-16,0.033116665
Botswana,1850-05-16,0.027971491
Botswana,1850-06-16,0.0649314
Botswana,1850-07-16,0.070268705
Botswana,1850-08-16,0.0784096
Botswana,1850-09-16,0.19895802
Botswana,1850-10-16,0.18034132
Botswana,1850-11-16,0.18072578
Botswana,1850-12-16,0.11987136
Brazil,1850-01-16,0.14323802
Brazil,1850-02-15,0.15929408
Brazil,1850-03-16,0.1689572
Brazil,1850-04-16,0.14422782
Brazil,1850-05-16,0.100833796
Brazil,1850-06-16,0.073331855
Brazil,1850-07-16,0.079436824
Brazil,1850-08-16,0.124319896
Brazil,1850-09-16,0.20271121
Brazil,1850-10-16,0.32609624
Brazil,1850-11-16,0.2529872
Brazil,1850-12-16,0.12366523
Brunei,1850-01-16,0.15389143
Brunei,1850-02-15,0.14860213
Brunei,1850-03-16,0.14664964
Brunei,1850-04-16,0.16991827
Brunei,1850-05-16,0.14926462
Brunei,1850-06-16,0.18511999
Brunei,1850-07-16,0.16048092
Brunei,1850-08-16,0.15035436
Brunei,1850-09-16,0.14353767
Brunei,1850-10-16,0.13973902
Brunei,1850-11-16,0.1251258
Brunei,1850-12-16,0.1446108
Bulgaria,1850-01-16,0.09102056
Bulgaria,1850-02-15,0.06400656
Bulgaria,1850-03-16,0.13413662
Bulgaria,1850-04-16,0.12114242
Bulgaria,1850-05-16,0.09412453
Bulgaria,1850-06-16,0.17361854
Bulgaria,1850-07-16,0.13543437
Bulgaria,1850-08-16,0.10875341
Bulgaria,1850-09-16,0.1193943
Bulgaria,1850-10-16,0.097049594
Bulgaria,1850-11-16,0.0783545
Bulgaria,1850-12-16,0.063391514
Burkina Faso,1850-01-16,0.1816247
Burkina Faso,1850-02-15,0.21670467
Burkina Faso,1850-03-16,0.39830932
Burkina Faso,1850-04-16,0.44141844
Burkina Faso,1850-05-16,0.52355766
Burkina Faso,1850-06-16,0.2845088
Burkina Faso,1850-07-16,0.21454386
Burkina Faso,1850-08-16,0.30264494
Burkina Faso,1850-09-16,0.30169526
Burkina Faso,1850-10-16,0.2535686
Burkina Faso,1850-11-16,0.16981378
Burkina Faso,1850-12-16,0.1393235
Burundi,1850-01-16,0.21985741
Burundi,1850-02-15,0.36092675
Burundi,1850-03-16,0.09256517
Burundi,1850-04-16,0.04171414
Burundi,1850-05-16,0.055412114
Burundi,1850-06-16,0.075356625
Burundi,1850-07-16,0.195665
Burundi,1850-08-16,0.20458825
Burundi,1850-09-16,0.16594848
Burundi,1850-10-16,0.10475478
Burundi,1850-11-16,0.04305928
Burundi,1850-12-16,0.12407717
Cambodia,1850-01-16,0.5342338
Cambodia,1850-02-15,0.59135973
Cambodia,1850-03-16,0.36461276
Cambodia,1850-04-16,0.34910917
Cambodia,1850-05-16,0.24710551
Cambodia,1850-06-16,0.33738443
Cambodia,1850-07-16,0.23467825
Cambodia,1850-08-16,0.16873987
Cambodia,1850-09-16,0.13431008
Cambodia,1850-10-16,0.12196699
Cambodia,1850-11-16,0.11362607
Cambodia,1850-12-16,0.15147303
Cameroon,1850-01-16,0.40596637
Cameroon,1850-02-15,0.43765524
Cameroon,1850-03-16,0.58881354
Cameroon,1850-04-16,0.61278033
Cameroon,1850-05-16,0.38832214
Cameroon,1850-06-16,0.16295935
Cameroon,1850-07-16,0.21208876
Cameroon,1850-08-16,0.2711747
Cameroon,1850-09-16,0.22437276
Cameroon,1850-10-16,0.16642328
Cameroon,1850-11-16,0.34407687
Cameroon,1850-12-16,0.37613904
Canada,1850-01-16,0.022272222
Canada,1850-02-15,0.023966933
Canada,1850-03-16,0.027016958
Canada,1850-04-16,0.031954456
Canada,1850-05-16,0.03664585
Canada,1850-06-16,0.05800193
Canada,1850-07-16,0.08770934
Canada,1850-08-16,0.064424075
Canada,1850-09-16,0.039860338
Canada,1850-10-16,0.028479643
Canada,1850-11-16,0.024019783
Canada,1850-12-16,0.022814507
Central African Republic,1850-01-16,0.32666427
Central African Republic,1850-02-15,0.3224853
Central African Republic,1850-03-16,0.48493922
Central African Republic,1850-04-16,0.46808773
Central African Republic,1850-05-16,0.32875088
Central African Republic,1850-06-16,0.17424354
Central African Republic,1850-07-16,0.29107946
Central African Republic,1850-08-16,0.33054274
Central African Republic,1850-09-16,0.23134741
Central African Republic,1850-10-16,0.16324715
Central African Republic,1850-11-16,0.3298567
Central African Republic,1850-12-16,0.3019843
Chad,1850-01-16,0.18809022
Chad,1850-02-15,0.18383561
Chad,1850-03-16,0.30863494
Chad,1850-04-16,0.6336638
Chad,1850-05-16,0.43283167
Chad,1850-06-16,0.4406498
Chad,1850-07-16,0.4549143
Chad,1850-08-16,0.40852368
Chad,1850-09-16,0.30136994
Chad,1850-10-16,0.2438642
Chad,1850-11-16,0.19873211
Chad,1850-12-16,0.17529663
Chile,1850-01-16,0.09784024
Chile,1850-02-15,0.08744579
Chile,1850-03-16,0.099955685
Chile,1850-04-16,0.075540565
Chile,1850-05-16,0.057079304
Chile,1850-06-16,0.070007585
Chile,1850-07-16,0.05778757
Chile,1850-08-16,0.06527134
Chile,1850-09-16,0.064563505
Chile,1850-10-16,0.07594983
Chile,1850-11-16,0.09854068
Chile,1850-12-16,0.1148832
China,1850-01-16,0.045473214
China,1850-02-15,0.06418159
China,1850-03-16,0.14825554
China,1850-04-16,0.23765118
China,1850-05-16,0.1924043
China,1850-06-16,0.19117789
China,1850-07-16,0.18870851
China,1850-08-16,0.1564555
China,1850-09-16,0.11483512
China,1850-10-16,0.10600248
China,1850-11-16,0.070593946
China,1850-12-16,0.030754466
Colombia,1850-01-16,0.12616906
Colombia,1850-02-15,0.21055979
Colombia,1850-03-16,0.2540537
Colombia,1850-04-16,0.40862
Colombia,1850-05-16,0.31970376
Colombia,1850-06-16,0.1241482
Colombia,1850-07-16,0.12145999
Colombia,1850-08-16,0.18234232
Colombia,1850-09-16,0.19071917
Colombia,1850-10-16,0.20206451
Colombia,1850-11-16,0.13916229
Colombia,1850-12-16,0.09730661
Costa Rica,1850-01-16,0.12612814
Costa Rica,1850-02-15,0.10272827
Costa Rica,1850-03-16,0.09256605
Costa Rica,1850-04-16,0.13642491
Costa Rica,1850-05-16,0.2181433
Costa Rica,1850-06-16,0.17679651
Costa Rica,1850-07-16,0.15230978
Costa Rica,1850-08-16,0.1610513
Costa Rica,1850-09-16,0.16278264
Costa Rica,1850-10-16,0.13890846
Costa Rica,1850-11-16,0.13804924
Costa Rica,1850-12-16,0.1393758
Croatia,1850-01-16,0.10107156
Croatia,1850-02-15,0.070191264
Croatia,1850-03-16,0.14387058
Croatia,1850-04-16,0.11422702
Croatia,1850-05-16,0.0716173
Croatia,1850-06-16,0.13356943
Croatia,1850-07-16,0.10553157
Croatia,1850-08-16,0.10990622
Croatia,1850-09-16,0.12524652
Croatia,1850-10-16,0.07745798
Croatia,1850-11-16,0.10188858
Croatia,1850-12-16,0.061149936
Cuba,1850-01-16,0.092835754
Cuba,1850-02-15,0.07175665
Cuba,1850-03-16,0.087961376
Cuba,1850-04-16,0.11697181
Cuba,1850-05-16,0.14116323
Cuba,1850-06-16,0.14185503
Cuba,1850-07-16,0.16555308
Cuba,1850-08-16,0.17130242
Cuba,1850-09-16,0.12790154
Cuba,1850-10-16,0.09030213
Cuba,1850-11-16,0.085649885
Cuba,1850-12-16,0.05658916
Czech Republic,1850-01-16,0.12973051
Czech Republic,1850-02-15,0.099998064
Czech Republic,1850-03-16,0.1143354
Czech Republic,1850-04-16,0.14616649
Czech Republic,1850-05-16,0.07836779
Czech Republic,1850-06-16,0.09576406
Czech Republic,1850-07-16,0.092291445
Czech Republic,1850-08-16,0.07655257
Czech Republic,1850-09-16,0.054497894
Czech Republic,1850-10-16,0.056271806
Czech Republic,1850-11-16,0.09373684
Czech Republic,1850-12-16,0.10798976
Democratic Republic of the Congo,1850-01-16,0.444732
Democratic Republic of the Congo,1850-02-15,0.4192076
Democratic Republic of the Congo,1850-03-16,0.27336475
Democratic Republic of the Congo,1850-04-16,0.13115299
Democratic Republic of the Congo,1850-05-16,0.15606695
Democratic Republic of the Congo,1850-06-16,0.22434959
Democratic Republic of the Congo,1850-07-16,0.41095647
Democratic Republic of the Congo,1850-08-16,0.43153146
Democratic Republic of the Congo,1850-09-16,0.29480037
Democratic Republic of the Congo,1850-10-16,0.16901462
Democratic Republic of the Congo,1850-11-16,0.1381959
Democratic Republic of the Congo,1850-12-16,0.32368842
Denmark,1850-01-16,0.12753816
Denmark,1850-02-15,0.12067751
Denmark,1850-03-16,0.11763765
Denmark,1850-04-16,0.100982904
Denmark,1850-05-16,0.099059835
Denmark,1850-06-16,0.09101828
Denmark,1850-07-16,0.09395966
Denmark,1850-08-16,0.07775024
Denmark,1850-09-16,0.054247595
Denmark,1850-10-16,0.09072591
Denmark,1850-11-16,0.14572634
Denmark,1850-12-16,0.08806948
Djibouti,1850-01-16,0.08886157
Djibouti,1850-02-15,0.14633214
Djibouti,1850-03-16,0.16102234
Djibouti,1850-04-16,0.123368695
Djibouti,1850-05-16,0.13367012
Djibouti,1850-06-16,0.20689419
Djibouti,1850-07-16,0.30448028
Djibouti,1850-08-16,0.39198714
Djibouti,1850-09-16,0.31240493
Djibouti,1850-10-16,0.17109951
Djibouti,1850-11-16,0.096704364
Djibouti,1850-12-16,0.09691729
Dominican Republic,1850-01-16,0.090304114
Dominican Republic,1850-02-15,0.08152657
Dominican Republic,1850-03-16,0.07711434
Dominican Republic,1850-04-16,0.08030307
Dominican Republic,1850-05-16,0.11900443
Dominican Republic,1850-06-16,0.095224224
Dominican Republic,1850-07-16,0.13328989
Dominican Republic,1850-08-16,0.16368298
Dominican Republic,1850-09-16,0.12139079
Dominican Republic,1850-10-16,0.08545771
Dominican Republic,1850-11-16,0.09465822
Dominican Republic,1850-12-16,0.05657305
East Timor,1850-01-16,0.18991075
East Timor,1850-02-15,0.13609955
East Timor,1850-03-16,0.09788362
East Timor,1850-04-16,0.14994358
East Timor,1850-05-16,0.11716846
East Timor,1850-06-16,0.11764486
East Timor,1850-07-16,0.11012969
East Timor,1850-08-16,0.11796158
East Timor,1850-09-16,0.12547982
East Timor,1850-10-16,0.16000293
East Timor,1850-11-16,0.15105884
East Timor,1850-12-16,0.13686095
Ecuador,1850-01-16,0.11138726
Ecuador,1850-02-15,0.17961547
Ecuador,1850-03-16,0.16767482
Ecuador,1850-04-16,0.23740326
Ecuador,1850-05-16,0.15155515
Ecuador,1850-06-16,0.07429287
Ecuador,1850-07-16,0.081416264
Ecuador,1850-08-16,0.14326052
Ecuador,1850-09-16,0.17410459
Ecuador,1850-10-16,0.1903634
Ecuador,1850-11-16,0.10622468
Ecuador,1850-12-16,0.078559294
Egypt,1850-01-16,0.12797661
Egypt,1850-02-15,0.066724785
Egypt,1850-03-16,0.15580313
Egypt,1850-04-16,0.24901716
Egypt,1850-05-16,0.22592145
Egypt,1850-06-16,0.31338343
Egypt,1850-07-16,0.20706025
Egypt,1850-08-16,0.17716543
Egypt,1850-09-16,0.13680403
Egypt,1850-10-16,0.13280381
Egypt,1850-11-16,0.08824678
Egypt,1850-12-16,0.06958667
El Salvador,1850-01-16,0.07590671
El Salvador,1850-02-15,0.09980629
El Salvador,1850-03-16,0.16744056
El Salvador,1850-04-16,0.17011352
El Salvador,1850-05-16,0.29244965
El Salvador,1850-06-16,0.1983169
El Salvador,1850-07-16,0.14646718
El Salvador,1850-08-16,0.17820913
El Salvador,1850-09-16,0.17672491
El Salvador,1850-10-16,0.1282056
El Salvador,1850-11-16,0.07599285
El Salvador,1850-12-16,0.067481026
England,1850-01-16,0.15533383
England,1850-02-15,0.10991371
England,1850-03-16,0.12657237
England,1850-04-16,0.15367773
England,1850-05-16,0.1352389
England,1850-06-16,0.10813232
England,1850-07-16,0.13323058
England,1850-08-16,0.11619957
England,1850-09-16,0.10659745
England,1850-10-16,0.12343864
England,1850-11-16,0.15079884
England,1850-12-16,0.10652158
Equatorial Guinea,1850-01-16,0.57463825
Equatorial Guinea,1850-02-15,0.54911983
Equatorial Guinea,1850-03-16,0.5867185
Equatorial Guinea,1850-04-16,0.27726594
Equatorial Guinea,1850-05-16,0.25800398
Equatorial Guinea,1850-06-16,0.19924535
Equatorial Guinea,1850-07-16,0.23739088
Equatorial Guinea,1850-08-16,0.29159635
Equatorial Guinea,1850-09-16,0.19409356
Equatorial Guinea,1850-10-16,0.124885626
Equatorial Guinea,1850-11-16,0.2932586
Equatorial Guinea,1850-12-16,0.5453235
Eritrea,1850-01-16,0.06955735
Eritrea,1850-02-15,0.09045578
Eritrea,1850-03-16,0.16286288
Eritrea,1850-04-16,0.1687551
Eritrea,1850-05-16,0.18158466
Eritrea,1850-06-16,0.24126752
Eritrea,1850-07-16,0.29613337
Eritrea,1850-08-16,0.3718375
Eritrea,1850-09-16,0.22335741
Eritrea,1850-10-16,0.1341655
Eritrea,1850-11-16,0.08531375
Eritrea,1850-12-16,0.071203016
Estonia,1850-01-16,0.07776658
Estonia,1850-02-15,0.06602172
Estonia,1850-03-16,0.08611513
Estonia,1850-04-16,0.054211218
Estonia,1850-05-16,0.054283388
Estonia,1850-06-16,0.08772205
Estonia,1850-07-16,0.082667395
Estonia,1850-08-16,0.05714971
Estonia,1850-09-16,0.043770246
Estonia,1850-10-16,0.057640534
Estonia,1850-11-16,0.07272244
Estonia,1850-12-16,0.06203831
Ethiopia,1850-01-16,0.06848045
Ethiopia,1850-02-15,0.10803143
Ethiopia,1850-03-16,0.12731747
Ethiopia,1850-04-16,0.11010693
Ethiopia,1850-05-16,0.11506035
Ethiopia,1850-06-16,0.119498804
Ethiopia,1850-07-16,0.20302676
Ethiopia,1850-08-16,0.24704662
Ethiopia,1850-09-16,0.19184896
Ethiopia,1850-10-16,0.10735902
Ethiopia,1850-11-16,0.06338992
Ethiopia,1850-12-16,0.051577207
Falkland Islands,1850-01-16,0.0835018
Falkland Islands,1850-02-15,0.11926758
Falkland Islands,1850-03-16,0.09882962
Falkland Islands,1850-04-16,0.099144846
Falkland Islands,1850-05-16,0.060535826
Falkland Islands,1850-06-16,0.078404844
Falkland Islands,1850-07-16,0.07433587
Falkland Islands,1850-08-16,0.07653138
Falkland Islands,1850-09-16,0.05430925
Falkland Islands,1850-10-16,0.07296185
Falkland Islands,1850-11-16,0.07706708
Falkland Islands,1850-12-16,0.0851521
Fiji,1850-01-16,0.11745236
Fiji,1850-02-15,0.101075865
Fiji,1850-03-16,0.09015653
Fiji,1850-04-16,0.110758394
Fiji,1850-05-16,0.12954696
Fiji,1850-06-16,0.08995711
Fiji,1850-07-16,0.088151455
Fiji,1850-08-16,0.092319444
Fiji,1850-09-16,0.114276834
Fiji,1850-10-16,0.115571946
Fiji,1850-11-16,0.118190184
Fiji,1850-12-16,0.12651806
Finland,1850-01-16,0.056499425
Finland,1850-02-15,0.058837947
Finland,1850-03-16,0.06549413
Finland,1850-04-16,0.035093855
Finland,1850-05-16,0.04250581
Finland,1850-06-16,0.04452986
Finland,1850-07-16,0.067226335
Finland,1850-08-16,0.04945803
Finland,1850-09-16,0.03922276
Finland,1850-10-16,0.037668876
Finland,1850-11-16,0.044170916
Finland,1850-12-16,0.039535746
France,1850-01-16,0.12987708
France,1850-02-15,0.10803119
France,1850-03-16,0.1161612
France,1850-04-16,0.15384296
France,1850-05-16,0.10119336
France,1850-06-16,0.11826954
France,1850-07-16,0.12526877
France,1850-08-16,0.115069084
France,1850-09-16,0.1100262
France,1850-10-16,0.084719576
France,1850-11-16,0.112647876
France,1850-12-16,0.10305718
French Southern and Antarctic Lands,1850-01-16,0.16363217
French Southern and Antarctic Lands,1850-02-15,0.15681724
French Southern and Antarctic Lands,1850-03-16,0.16249342
French Southern and Antarctic Lands,1850-04-16,0.15143767
French Southern and Antarctic Lands,1850-05-16,0.11681261
French Southern and Antarctic Lands,1850-06-16,0.09659991
French Southern and Antarctic Lands,1850-07-16,0.13380028
French Southern and Antarctic Lands,1850-08-16,0.14209
French Southern and Antarctic Lands,1850-09-16,0.21009181
French Southern and Antarctic Lands,1850-10-16,0.16241166
French Southern and Antarctic Lands,1850-11-16,0.122534014
French Southern and Antarctic Lands,1850-12-16,0.16302608
Gabon,1850-01-16,0.5448821
Gabon,1850-02-15,0.5201018
Gabon,1850-03-16,0.48902327
Gabon,1850-04-16,0.21312252
Gabon,1850-05-16,0.20892566
Gabon,1850-06-16,0.28917533
Gabon,1850-07-16,0.40433145
Gabon,1850-08-16,0.3769313
Gabon,1850-09-16,0.23141173
Gabon,1850-10-16,0.13383725
Gabon,1850-11-16,0.21035588
Gabon,1850-12-16,0.53710324
Gambia,1850-01-16,0.21944761
Gambia,1850-02-15,0.36173648
Gambia,1850-03-16,0.5228255
Gambia,1850-04-16,0.56697154
Gambia,1850-05-16,0.78613544
Gambia,1850-06-16,0.58826554
Gambia,1850-07-16,0.34311014
Gambia,1850-08-16,0.40747303
Gambia,1850-09-16,0.31208557
Gambia,1850-10-16,0.26466426
Gambia,1850-11-16,0.21574652
Gambia,1850-12-16,0.17265873
Georgia,1850-01-16,0.0564689
Georgia,1850-02-15,0.053691655
Georgia,1850-03-16,0.08693422
Georgia,1850-04-16,0.11362978
Georgia,1850-05-16,0.11734653
Georgia,1850-06-16,0.124432355
Georgia,1850-07-16,0.14869712
Georgia,1850-08-16,0.12938313
Georgia,1850-09-16,0.09959922
Georgia,1850-10-16,0.10670305
Georgia,1850-11-16,0.03958962
Georgia,1850-12-16,0.039609954
Germany,1850-01-16,0.15962791
Germany,1850-02-15,0.12293827
Germany,1850-03-16,0.13267592
Germany,1850-04-16,0.15555397
Germany,1850-05-16,0.09251054
Germany,1850-06-16,0.10092383
Germany,1850-07-16,0.10036995
Germany,1850-08-16,0.08862323
Germany,1850-09-16,0.06256381
Germany,1850-10-16,0.06967884
Germany,1850-11-16,0.11821014
Germany,1850-12-16,0.13510802
Ghana,1850-01-16,0.3017604
Ghana,1850-02-15,0.34135798
Ghana,1850-03-16,0.51902974
Ghana,1850-04-16,0.55723625
Ghana,1850-05-16,0.5096808
Ghana,1850-06-16,0.21110336
Ghana,1850-07-16,0.16415901
Ghana,1850-08-16,0.2719634
Ghana,1850-09-16,0.25486913
Ghana,1850-10-16,0.23727371
Ghana,1850-11-16,0.32229832
Ghana,1850-12-16,0.27712512
Greece,1850-01-16,0.08994809
Greece,1850-02-15,0.060953975
Greece,1850-03-16,0.13975613
Greece,1850-04-16,0.1475433
Greece,1850-05-16,0.1095971
Greece,1850-06-16,0.18455362
Greece,1850-07-16,0.14125927
Greece,1850-08-16,0.1372568
Greece,1850-09-16,0.19597846
Greece,1850-10-16,0.11677439
Greece,1850-11-16,0.096231066
Greece,1850-12-16,0.07100386
Greenland,1850-01-16,0.01675055
Greenland,1850-02-15,0.014203163
Greenland,1850-03-16,0.01702899
Greenland,1850-04-16,0.020763127
Greenland,1850-05-16,0.022785822
Greenland,1850-06-16,0.02654022
Greenland,1850-07-16,0.029137481
Greenland,1850-08-16,0.027009964
Greenland,1850-09-16,0.02301767
Greenland,1850-10-16,0.014147414
Greenland,1850-11-16,0.013784585
Greenland,1850-12-16,0.015892113
Guatemala,1850-01-16,0.09201964
Guatemala,1850-02-15,0.0945789
Guatemala,1850-03-16,0.1366148
Guatemala,1850-04-16,0.21535738
Guatemala,1850-05-16,0.3477068
Guatemala,1850-06-16,0.19753408
Guatemala,1850-07-16,0.13453978
Guatemala,1850-08-16,0.1498956
Guatemala,1850-09-16,0.16532329
Guatemala,1850-10-16,0.12752804
Guatemala,1850-11-16,0.08566724
Guatemala,1850-12-16,0.07766938
Guinea,1850-01-16,0.17474006
Guinea,1850-02-15,0.23540318
Guinea,1850-03-16,0.47156593
Guinea,1850-04-16,0.46435124
Guinea,1850-05-16,0.5767426
Guinea,1850-06-16,0.34432814
Guinea,1850-07-16,0.19291575
Guinea,1850-08-16,0.28908983
Guinea,1850-09-16,0.25566936
Guinea,1850-10-16,0.23234485
Guinea,1850-11-16,0.19822635
Guinea,1850-12-16,0.13849248
Guinea Bissau,1850-01-16,0.18162245
Guinea Bissau,1850-02-15,0.3274915
Guinea Bissau,1850-03-16,0.55989504
Guinea Bissau,1850-04-16,0.5880757
Guinea Bissau,1850-05-16,0.69505644
Guinea Bissau,1850-06-16,0.5110188
Guinea Bissau,1850-07-16,0.29507145
Guinea Bissau,1850-08-16,0.36814892
Guinea Bissau,1850-09-16,0.3062485
Guinea Bissau,1850-10-16,0.27073407
Guinea Bissau,1850-11-16,0.22893752
Guinea Bissau,1850-12-16,0.15497811
Guyana,1850-01-16,0.13935575
Guyana,1850-02-15,0.16667202
Guyana,1850-03-16,0.16427861
Guyana,1850-04-16,0.20587924
Guyana,1850-05-16,0.22995234
Guyana,1850-06-16,0.15380809
Guyana,1850-07-16,0.16052607
Guyana,1850-08-16,0.17247802
Guyana,1850-09-16,0.17481335
Guyana,1850-10-16,0.15950309
Guyana,1850-11-16,0.19027337
Guyana,1850-12-16,0.13349971
Haiti,1850-01-16,0.07551604
Haiti,1850-02-15,0.07827216
Haiti,1850-03-16,0.079584464
Haiti,1850-04-16,0.09277752
Haiti,1850-05-16,0.13785253
Haiti,1850-06-16,0.1146977
Haiti,1850-07-16,0.14636055
Haiti,1850-08-16,0.16658787
Haiti,1850-09-16,0.118806265
Haiti,1850-10-16,0.07834179
Haiti,1850-11-16,0.08178089
Haiti,1850-12-16,0.046838623
Honduras,1850-01-16,0.11668973
Honduras,1850-02-15,0.09562827
Honduras,1850-03-16,0.10491724
Honduras,1850-04-16,0.12487435
Honduras,1850-05-16,0.23809652
Honduras,1850-06-16,0.17605077
Honduras,1850-07-16,0.13790613
Honduras,1850-08-16,0.14146662
Honduras,1850-09-16,0.14105773
Honduras,1850-10-16,0.13758326
Honduras,1850-11-16,0.10124768
Honduras,1850-12-16,0.08937526
Hungary,1850-01-16,0.121109664
Hungary,1850-02-15,0.09136671
Hungary,1850-03-16,0.13240859
Hungary,1850-04-16,0.110339
Hungary,1850-05-16,0.06761182
Hungary,1850-06-16,0.13175747
Hungary,1850-07-16,0.10888685
Hungary,1850-08-16,0.083601594
Hungary,1850-09-16,0.06645487
Hungary,1850-10-16,0.064645655
Hungary,1850-11-16,0.107011065
Hungary,1850-12-16,0.07625091
Iceland,1850-01-16,0.074898645
Iceland,1850-02-15,0.03207032
Iceland,1850-03-16,0.054269534
Iceland,1850-04-16,0.086727604
Iceland,1850-05-16,0.10560464
Iceland,1850-06-16,0.058615748
Iceland,1850-07-16,0.0573699
Iceland,1850-08-16,0.09346189
Iceland,1850-09-16,0.08975203
Iceland,1850-10-16,0.084683925
Iceland,1850-11-16,0.059723683
Iceland,1850-12-16,0.07482015
India,1850-01-16,0.06802947
India,1850-02-15,0.09460573
India,1850-03-16,0.17780635
India,1850-04-16,0.24874312
India,1850-05-16,0.33315623
India,1850-06-16,0.40194154
India,1850-07-16,0.5468789
India,1850-08-16,0.3612176
India,1850-09-16,0.23183405
India,1850-10-16,0.15000808
India,1850-11-16,0.09332869
India,1850-12-16,0.055487074
Indonesia,1850-01-16,0.16387081
Indonesia,1850-02-15,0.15796378
Indonesia,1850-03-16,0.14258313
Indonesia,1850-04-16,0.15386575
Indonesia,1850-05-16,0.13155124
Indonesia,1850-06-16,0.1479591
Indonesia,1850-07-16,0.14057463
Indonesia,1850-08-16,0.16158779
Indonesia,1850-09-16,0.18054783
Indonesia,1850-10-16,0.18995175
Indonesia,1850-11-16,0.17095
Indonesia,1850-12-16,0.14796036
Iran,1850-01-16,0.03790291
Iran,1850-02-15,0.05299348
Iran,1850-03-16,0.10010662
Iran,1850-04-16,0.120198
Iran,1850-05-16,0.11015901
Iran,1850-06-16,0.13256297
Iran,1850-07-16,0.09770768
Iran,1850-08-16,0.12810455
Iran,1850-09-16,0.09273721
Iran,1850-10-16,0.092830636
Iran,1850-11-16,0.04769582
Iran,1850-12-16,0.021571293
Iraq,1850-01-16,0.08017743
Iraq,1850-02-15,0.039726093
Iraq,1850-03-16,0.12640439
Iraq,1850-04-16,0.16618624
Iraq,1850-05-16,0.17704244
Iraq,1850-06-16,0.21255708
Iraq,1850-07-16,0.15453517
Iraq,1850-08-16,0.1636655
Iraq,1850-09-16,0.11597463
Iraq,1850-10-16,0.14984323
Iraq,1850-11-16,0.06912956
Iraq,1850-12-16,0.042325042
Ireland,1850-01-16,0.1579702
Ireland,1850-02-15,0.09937144
Ireland,1850-03-16,0.11185186
Ireland,1850-04-16,0.13617525
Ireland,1850-05-16,0.14532371
Ireland,1850-06-16,0.09919574
Ireland,1850-07-16,0.10555827
Ireland,1850-08-16,0.10732014
Ireland,1850-09-16,0.12580146
Ireland,1850-10-16,0.118381105
Ireland,1850-11-16,0.1288391
Ireland,1850-12-16,0.11173731
Italy,1850-01-16,0.07576188
Italy,1850-02-15,0.058630116
Italy,1850-03-16,0.122429386
Italy,1850-04-16,0.18279292
Italy,1850-05-16,0.099866144
Italy,1850-06-16,0.14376023
Italy,1850-07-16,0.12281697
Italy,1850-08-16,0.12288958
Italy,1850-09-16,0.17805347
Italy,1850-10-16,0.093101636
Italy,1850-11-16,0.09356022
Italy,1850-12-16,0.051490676
Ivory Coast,1850-01-16,0.24446917
Ivory Coast,1850-02-15,0.31131732
Ivory Coast,1850-03-16,0.45445186
Ivory Coast,1850-04-16,0.48860586
Ivory Coast,1850-05-16,0.4860881
Ivory Coast,1850-06-16,0.22472955
Ivory Coast,1850-07-16,0.15331382
Ivory Coast,1850-08-16,0.24874282
Ivory Coast,1850-09-16,0.23926763
Ivory Coast,1850-10-16,0.20750098
Ivory Coast,1850-11-16,0.27559394
Ivory Coast,1850-12-16,0.21755832
Japan,1850-01-16,0.054525778
Japan,1850-02-15,0.061253656
Japan,1850-03-16,0.094018914
Japan,1850-04-16,0.1362196
Japan,1850-05-16,0.12880324
Japan,1850-06-16,0.12854792
Japan,1850-07-16,0.123845644
Japan,1850-08-16,0.12239158
Japan,1850-09-16,0.09507239
Japan,1850-10-16,0.08344006
Japan,1850-11-16,0.06894882
Japan,1850-12-16,0.05409548
Jordan,1850-01-16,0.09480643
Jordan,1850-02-15,0.04159934
Jordan,1850-03-16,0.11718122
Jordan,1850-04-16,0.15762563
Jordan,1850-05-16,0.18048504
Jordan,1850-06-16,0.15239523
Jordan,1850-07-16,0.111362025
Jordan,1850-08-16,0.084537245
Jordan,1850-09-16,0.07687353
Jordan,1850-10-16,0.09231354
Jordan,1850-11-16,0.07558108
Jordan,1850-12-16,0.05094922
Kazakhstan,1850-01-16,0.05072699
Kazakhstan,1850-02-15,0.052221846
Kazakhstan,1850-03-16,0.116480194
Kazakhstan,1850-04-16,0.13070032
Kazakhstan,1850-05-16,0.08082836
Kazakhstan,1850-06-16,0.08400572
Kazakhstan,1850-07-16,0.101209
Kazakhstan,1850-08-16,0.079851426
Kazakhstan,1850-09-16,0.09655201
Kazakhstan,1850-10-16,0.07850699
Kazakhstan,1850-11-16,0.042713325
Kazakhstan,1850-12-16,0.058638345
Kenya,1850-01-16,0.07789909
Kenya,1850-02-15,0.10715024
Kenya,1850-03-16,0.097186446
Kenya,1850-04-16,0.07427236
Kenya,1850-05-16,0.093059495
Kenya,1850-06-16,0.094592415
Kenya,1850-07-16,0.14268592
Kenya,1850-08-16,0.16556108
Kenya,1850-09-16,0.14309481
Kenya,1850-10-16,0.106681526
Kenya,1850-11-16,0.065185025
Kenya,1850-12-16,0.070654765
Kosovo,1850-01-16,0.07869674
Kosovo,1850-02-15,0.050713975
Kosovo,1850-03-16,0.12420815
Kosovo,1850-04-16,0.113259494
Kosovo,1850-05-16,0.08575359
Kosovo,1850-06-16,0.13861895
Kosovo,1850-07-16,0.11528531
Kosovo,1850-08-16,0.1033592
Kosovo,1850-09-16,0.15113498
Kosovo,1850-10-16,0.10335878
Kosovo,1850-11-16,0.08429454
Kosovo,1850-12-16,0.056243762
Kuwait,1850-01-16,0.07846438
Kuwait,1850-02-15,0.06510741
Kuwait,1850-03-16,0.18575421
Kuwait,1850-04-16,0.20049037
Kuwait,1850-05-16,0.21832192
Kuwait,1850-06-16,0.27522638
Kuwait,1850-07-16,0.15397093
Kuwait,1850-08-16,0.2127895
Kuwait,1850-09-16,0.1278242
Kuwait,1850-10-16,0.13343924
Kuwait,1850-11-16,0.08597458
Kuwait,1850-12-16,0.04346783
Kyrgyzstan,1850-01-16,0.03282185
Kyrgyzstan,1850-02-15,0.037853837
Kyrgyzstan,1850-03-16,0.082796425
Kyrgyzstan,1850-04-16,0.15613881
Kyrgyzstan,1850-05-16,0.14729886
Kyrgyzstan,1850-06-16,0.2088199
Kyrgyzstan,1850-07-16,0.09248696
Kyrgyzstan,1850-08-16,0.068324395
Kyrgyzstan,1850-09-16,0.09290841
Kyrgyzstan,1850-10-16,0.07818873
Kyrgyzstan,1850-11-16,0.03395894
Kyrgyzstan,1850-12-16,0.022328965
Laos,1850-01-16,0.12471063
Laos,1850-02-15,0.26342997
Laos,1850-03-16,0.52066255
Laos,1850-04-16,0.43402627
Laos,1850-05-16,0.3842269
Laos,1850-06-16,0.28859517
Laos,1850-07-16,0.1927197
Laos,1850-08-16,0.13553749
Laos,1850-09-16,0.09238731
Laos,1850-10-16,0.08323816
Laos,1850-11-16,0.0641889
Laos,1850-12-16,0.057718866
Latvia,1850-01-16,0.08429908
Latvia,1850-02-15,0.079175234
Latvia,1850-03-16,0.09198332
Latvia,1850-04-16,0.07782377
Latvia,1850-05-16,0.05218825
Latvia,1850-06-16,0.09551093
Latvia,1850-07-16,0.08544099
Latvia,1850-08-16,0.06452138
Latvia,1850-09-16,0.048848722
Latvia,1850-10-16,0.056279927
Latvia,1850-11-16,0.08519733
Latvia,1850-12-16,0.06650332
Lebanon,1850-01-16,0.13385276
Lebanon,1850-02-15,0.058518324
Lebanon,1850-03-16,0.13465743
Lebanon,1850-04-16,0.15174077
Lebanon,1850-05-16,0.17044713
Lebanon,1850-06-16,0.15700425
Lebanon,1850-07-16,0.09384306
Lebanon,1850-08-16,0.074627705
Lebanon,1850-09-16,0.084437355
Lebanon,1850-10-16,0.09522908
Lebanon,1850-11-16,0.085589185
Lebanon,1850-12-16,0.06948691
Lesotho,1850-01-16,0.07229855
Lesotho,1850-02-15,0.04411926
Lesotho,1850-03-16,0.031277847
Lesotho,1850-04-16,0.031546235
Lesotho,1850-05-16,0.021397017
Lesotho,1850-06-16,0.019205535
Lesotho,1850-07-16,0.041386753
Lesotho,1850-08-16,0.060374163
Lesotho,1850-09-16,0.10693084
Lesotho,1850-10-16,0.13364023
Lesotho,1850-11-16,0.08945505
Lesotho,1850-12-16,0.06459016
Liberia,1850-01-16,0.27056298
Liberia,1850-02-15,0.37751734
Liberia,1850-03-16,0.45012212
Liberia,1850-04-16,0.48040545
Liberia,1850-05-16,0.44174242
Liberia,1850-06-16,0.22854124
Liberia,1850-07-16,0.14291166
Liberia,1850-08-16,0.24343385
Liberia,1850-09-16,0.23125225
Liberia,1850-10-16,0.19747071
Liberia,1850-11-16,0.29828337
Liberia,1850-12-16,0.23014908
Libya,1850-01-16,0.106366195
Libya,1850-02-15,0.072683714
Libya,1850-03-16,0.18223381
Libya,1850-04-16,0.298595
Libya,1850-05-16,0.29022887
Libya,1850-06-16,0.45834723
Libya,1850-07-16,0.35798943
Libya,1850-08-16,0.22161566
Libya,1850-09-16,0.19958566
Libya,1850-10-16,0.22507903
Libya,1850-11-16,0.1041537
Libya,1850-12-16,0.07365199
Lithuania,1850-01-16,0.08421203
Lithuania,1850-02-15,0.09412294
Lithuania,1850-03-16,0.09651117
Lithuania,1850-04-16,0.1114188
Lithuania,1850-05-16,0.050737955
Lithuania,1850-06-16,0.09824722
Lithuania,1850-07-16,0.09724675
Lithuania,1850-08-16,0.064313084
Lithuania,1850-09-16,0.05411006
Lithuania,1850-10-16,0.049829274
Lithuania,1850-11-16,0.08950806
Lithuania,1850-12-16,0.07133402
Macedonia,1850-01-16,0.07632789
Macedonia,1850-02-15,0.04894974
Macedonia,1850-03-16,0.11999011
Macedonia,1850-04-16,0.120333895
Macedonia,1850-05-16,0.09312004
Macedonia,1850-06-16,0.14447439
Macedonia,1850-07-16,0.12213984
Macedonia,1850-08-16,0.104329
Macedonia,1850-09-16,0.16074798
Macedonia,1850-10-16,0.09675215
Macedonia,1850-11-16,0.08565356
Macedonia,1850-12-16,0.05536854
Madagascar,1850-01-16,0.13214663
Madagascar,1850-02-15,0.13054696
Madagascar,1850-03-16,0.0987551
Madagascar,1850-04-16,0.07798075
Madagascar,1850-05-16,0.06544271
Madagascar,1850-06-16,0.06782363
Madagascar,1850-07-16,0.067926124
Madagascar,1850-08-16,0.08274789
Madagascar,1850-09-16,0.08316087
Madagascar,1850-10-16,0.1230882
Madagascar,1850-11-16,0.12526801
Madagascar,1850-12-16,0.12032695
Malawi,1850-01-16,0.09264558
Malawi,1850-02-15,0.09715947
Malawi,1850-03-16,0.0899565
Malawi,1850-04-16,0.06509454
Malawi,1850-05-16,0.04902031
Malawi,1850-06-16,0.06405612
Malawi,1850-07-16,0.08920891
Malawi,1850-08-16,0.15396449
Malawi,1850-09-16,0.1634755
Malawi,1850-10-16,0.19106272
Malawi,1850-11-16,0.104639485
Malawi,1850-12-16,0.08699949
Malaysia,1850-01-16,0.15679844
Malaysia,1850-02-15,0.15972675
Malaysia,1850-03-16,0.15183853
Malaysia,1850-04-16,0.17596704
Malaysia,1850-05-16,0.14666799
Malaysia,1850-06-16,0.19463122
Malaysia,1850-07-16,0.16209158
Malaysia,1850-08-16,0.15837471
Malaysia,1850-09-16,0.14794682
Malaysia,1850-10-16,0.14488758
Malaysia,1850-11-16,0.14375933
Malaysia,1850-12-16,0.15593877
Mali,1850-01-16,0.13960983
Mali,1850-02-15,0.1727831
Mali,1850-03-16,0.34811705
Mali,1850-04-16,0.3142881
Mali,1850-05-16,0.4749976
Mali,1850-06-16,0.41271237
Mali,1850-07-16,0.36611566
Mali,1850-08-16,0.4029319
Mali,1850-09-16,0.3224785
Mali,1850-10-16,0.25060213
Mali,1850-11-16,0.14183597
Mali,1850-12-16,0.1246311
Mauritania,1850-01-16,0.14220314
Mauritania,1850-02-15,0.15785207
Mauritania,1850-03-16,0.30279377
Mauritania,1850-04-16,0.2583266
Mauritania,1850-05-16,0.4535883
Mauritania,1850-06-16,0.5630431
Mauritania,1850-07-16,0.52695096
Mauritania,1850-08-16,0.48986173
Mauritania,1850-09-16,0.34012836
Mauritania,1850-10-16,0.20698409
Mauritania,1850-11-16,0.1393119
Mauritania,1850-12-16,0.109681845
Mexico,1850-01-16,0.04089482
Mexico,1850-02-15,0.04051131
Mexico,1850-03-16,0.04829049
Mexico,1850-04-16,0.078998536
Mexico,1850-05-16,0.13410093
Mexico,1850-06-16,0.13384806
Mexico,1850-07-16,0.13388042
Mexico,1850-08-16,0.11611753
Mexico,1850-09-16,0.080631174
Mexico,1850-10-16,0.052922446
Mexico,1850-11-16,0.04793765
Mexico,1850-12-16,0.04016371
Moldova,1850-01-16,0.09227517
Moldova,1850-02-15,0.08476341
Moldova,1850-03-16,0.10872793
Moldova,1850-04-16,0.11670132
Moldova,1850-05-16,0.06913391
Moldova,1850-06-16,0.14802308
Moldova,1850-07-16,0.13908722
Moldova,1850-08-16,0.06680456
Moldova,1850-09-16,0.05034236
Moldova,1850-10-16,0.06761989
Moldova,1850-11-16,0.07379389
Moldova,1850-12-16,0.07153399
Mongolia,1850-01-16,0.024437074
Mongolia,1850-02-15,0.02629558
Mongolia,1850-03-16,0.05614641
Mongolia,1850-04-16,0.119051844
Mongolia,1850-05-16,0.10657117
Mongolia,1850-06-16,0.10127152
Mongolia,1850-07-16,0.093255065
Mongolia,1850-08-16,0.0940705
Mongolia,1850-09-16,0.07365577
Mongolia,1850-10-16,0.06322399
Mongolia,1850-11-16,0.03223789
Mongolia,1850-12-16,0.019817177
Montenegro,1850-01-16,0.0809374
Montenegro,1850-02-15,0.057675205
Montenegro,1850-03-16,0.13914582
Montenegro,1850-04-16,0.11889405
Montenegro,1850-05-16,0.08660444
Montenegro,1850-06-16,0.14861666
Montenegro,1850-07-16,0.118812345
Montenegro,1850-08-16,0.105605535
Montenegro,1850-09-16,0.17205298
Montenegro,1850-10-16,0.12669577
Montenegro,1850-11-16,0.10068751
Montenegro,1850-12-16,0.057792597
Morocco,1850-01-16,0.05368706
Morocco,1850-02-15,0.078768894
Morocco,1850-03-16,0.2050822
Morocco,1850-04-16,0.11568616
Morocco,1850-05-16,0.29027942
Morocco,1850-06-16,0.29910094
Morocco,1850-07-16,0.34799457
Morocco,1850-08-16,0.36442032
Morocco,1850-09-16,0.2025769
Morocco,1850-10-16,0.10477212
Morocco,1850-11-16,0.058760308
Morocco,1850-12-16,0.040250625
Mozambique,1850-01-16,0.117222905
Mozambique,1850-02-15,0.112871476
Mozambique,1850-03-16,0.106543824
Mozambique,1850-04-16,0.08185567
Mozambique,1850-05-16,0.059422012
Mozambique,1850-06-16,0.0815111
Mozambique,1850-07-16,0.09640706
Mozambique,1850-08-16,0.16967495
Mozambique,1850-09-16,0.20118521
Mozambique,1850-10-16,0.22687966
Mozambique,1850-11-16,0.14650443
Mozambique,1850-12-16,0.13091001
Myanmar,1850-01-16,0.07149912
Myanmar,1850-02-15,0.15221328
Myanmar,1850-03-16,0.44833642
Myanmar,1850-04-16,0.376852
Myanmar,1850-05-16,0.33674514
Myanmar,1850-06-16,0.52292645
Myanmar,1850-07-16,0.31865644
Myanmar,1850-08-16,0.16268225
Myanmar,1850-09-16,0.11647651
Myanmar,1850-10-16,0.091447204
Myanmar,1850-11-16,0.06421721
Myanmar,1850-12-16,0.046498425
Namibia,1850-01-16,0.13201724
Namibia,1850-02-15,0.08480689
Namibia,1850-03-16,0.053667013
Namibia,1850-04-16,0.039822843
Namibia,1850-05-16,0.03335726
Namibia,1850-06-16,0.055905323
Namibia,1850-07-16,0.0574879
Namibia,1850-08-16,0.06792026
Namibia,1850-09-16,0.12203048
Namibia,1850-10-16,0.124809876
Namibia,1850-11-16,0.13507268
Namibia,1850-12-16,0.124198236
Nepal,1850-01-16,0.041682698
Nepal,1850-02-15,0.049983874
Nepal,1850-03-16,0.119751506
Nepal,1850-04-16,0.23282547
Nepal,1850-05-16,0.31258643
Nepal,1850-06-16,0.40203923
Nepal,1850-07-16,0.31488287
Nepal,1850-08-16,0.1430609
Nepal,1850-09-16,0.13020092
Nepal,1850-10-16,0.06916415
Nepal,1850-11-16,0.034527
Nepal,1850-12-16,0.02483502
Netherlands,1850-01-16,0.18830311
Netherlands,1850-02-15,0.14430864
Netherlands,1850-03-16,0.1462186
Netherlands,1850-04-16,0.14685024
Netherlands,1850-05-16,0.11246214
Netherlands,1850-06-16,0.10979817
Netherlands,1850-07-16,0.12899084
Netherlands,1850-08-16,0.09002898
Netherlands,1850-09-16,0.069339365
Netherlands,1850-10-16,0.09525489
Netherlands,1850-11-16,0.15775171
Netherlands,1850-12-16,0.14379945
New Caledonia,1850-01-16,0.15085372
New Caledonia,1850-02-15,0.14156632
New Caledonia,1850-03-16,0.09255089
New Caledonia,1850-04-16,0.12197575
New Caledonia,1850-05-16,0.08443232
New Caledonia,1850-06-16,0.060935207
New Caledonia,1850-07-16,0.06501874
New Caledonia,1850-08-16,0.050717965
New Caledonia,1850-09-16,0.08351965
New Caledonia,1850-10-16,0.07954317
New Caledonia,1850-11-16,0.09356811
New Caledonia,1850-12-16,0.14517355
New Zealand,1850-01-16,0.12505203
New Zealand,1850-02-15,0.11357848
New Zealand,1850-03-16,0.07071627
New Zealand,1850-04-16,0.0744247
New Zealand,1850-05-16,0.068191946
New Zealand,1850-06-16,0.0603114
New Zealand,1850-07-16,0.09623511
New Zealand,1850-08-16,0.06531882
New Zealand,1850-09-16,0.06320302
New Zealand,1850-10-16,0.09273891
New Zealand,1850-11-16,0.095394425
New Zealand,1850-12-16,0.08971636
Nicaragua,1850-01-16,0.13807951
Nicaragua,1850-02-15,0.104814805
Nicaragua,1850-03-16,0.10139528
Nicaragua,1850-04-16,0.11734888
Nicaragua,1850-05-16,0.18359312
Nicaragua,1850-06-16,0.18299657
Nicaragua,1850-07-16,0.1666858
Nicaragua,1850-08-16,0.16512616
Nicaragua,1850-09-16,0.15373829
Nicaragua,1850-10-16,0.14566147
Nicaragua,1850-11-16,0.11999714
Nicaragua,1850-12-16,0.12705018
Niger,1850-01-16,0.1647725
Niger,1850-02-15,0.17312889
Niger,1850-03-16,0.28154442
Niger,1850-04-16,0.40948424
Niger,1850-05-16,0.4268344
Niger,1850-06-16,0.49882653
Niger,1850-07-16,0.45037597
Niger,1850-08-16,0.4184836
Niger,1850-09-16,0.3868695
Niger,1850-10-16,0.31603304
Niger,1850-11-16,0.13989791
Niger,1850-12-16,0.15345475
Nigeria,1850-01-16,0.34744054
Nigeria,1850-02-15,0.38386318
Nigeria,1850-03-16,0.5864716
Nigeria,1850-04-16,0.8115105
Nigeria,1850-05-16,0.5460693
Nigeria,1850-06-16,0.2146783
Nigeria,1850-07-16,0.226523
Nigeria,1850-08-16,0.31413415
Nigeria,1850-09-16,0.29517278
Nigeria,1850-10-16,0.24837543
Nigeria,1850-11-16,0.31966025
Nigeria,1850-12-16,0.31588745
North Korea,1850-01-16,0.05637161
North Korea,1850-02-15,0.0535659
North Korea,1850-03-16,0.084415376
North Korea,1850-04-16,0.123941146
North Korea,1850-05-16,0.12174388
North Korea,1850-06-16,0.1192492
North Korea,1850-07-16,0.11915187
North Korea,1850-08-16,0.12519701
North Korea,1850-09-16,0.078723215
North Korea,1850-10-16,0.08698611
North Korea,1850-11-16,0.059593134
North Korea,1850-12-16,0.048408765
Norway,1850-01-16,0.047783982
Norway,1850-02-15,0.042856235
Norway,1850-03-16,0.044498347
Norway,1850-04-16,0.04566497
Norway,1850-05-16,0.057040874
Norway,1850-06-16,0.042681012
Norway,1850-07-16,0.05122244
Norway,1850-08-16,0.053274605
Norway,1850-09-16,0.048774693
Norway,1850-10-16,0.042059384
Norway,1850-11-16,0.040159505
Norway,1850-12-16,0.03513151
Oman,1850-01-16,0.093483336
Oman,1850-02-15,0.14820434
Oman,1850-03-16,0.19410874
Oman,1850-04-16,0.1696408
Oman,1850-05-16,0.23893712
Oman,1850-06-16,0.3322085
Oman,1850-07-16,0.44095993
Oman,1850-08-16,0.6366565
Oman,1850-09-16,0.25310168
Oman,1850-10-16,0.18938029
Oman,1850-11-16,0.08128474
Oman,1850-12-16,0.064302616
Pakistan,1850-01-16,0.05115488
Pakistan,1850-02-15,0.0642411
Pakistan,1850-03-16,0.13545458
Pakistan,1850-04-16,0.18443903
Pakistan,1850-05-16,0.22288847
Pakistan,1850-06-16,0.2651001
Pakistan,1850-07-16,0.5178823
Pakistan,1850-08-16,0.5274178
Pakistan,1850-09-16,0.2233448
Pakistan,1850-10-16,0.13076515
Pakistan,1850-11-16,0.0941455
Pakistan,1850-12-16,0.033794984
Panama,1850-01-16,0.13178961
Panama,1850-02-15,0.15880884
Panama,1850-03-16,0.14538705
Panama,1850-04-16,0.24614377
Panama,1850-05-16,0.3139595
Panama,1850-06-16,0.1664661
Panama,1850-07-16,0.12502925
Panama,1850-08-16,0.1476214
Panama,1850-09-16,0.17851414
Panama,1850-10-16,0.14703304
Panama,1850-11-16,0.12589027
Panama,1850-12-16,0.12180996
Papua New Guinea,1850-01-16,0.17035277
Papua New Guinea,1850-02-15,0.16034731
Papua New Guinea,1850-03-16,0.14964041
Papua New Guinea,1850-04-16,0.1534027
Papua New Guinea,1850-05-16,0.1255762
Papua New Guinea,1850-06-16,0.12622912
Papua New Guinea,1850-07-16,0.13801733
Papua New Guinea,1850-08-16,0.13680345
Papua New Guinea,1850-09-16,0.14868423
Papua New Guinea,1850-10-16,0.17290719
Papua New Guinea,1850-11-16,0.1500574
Papua New Guinea,1850-12-16,0.16124357
Paraguay,1850-01-16,0.14762877
Paraguay,1850-02-15,0.14728989
Paraguay,1850-03-16,0.11631974
Paraguay,1850-04-16,0.07674334
Paraguay,1850-05-16,0.07688528
Paraguay,1850-06-16,0.04970341
Paraguay,1850-07-16,0.0936285
Paraguay,1850-08-16,0.19413367
Paraguay,1850-09-16,0.36643928
Paraguay,1850-10-16,0.48583254
Paraguay,1850-11-16,0.2363241
Paraguay,1850-12-16,0.1726204
Peru,1850-01-16,0.12288502
Peru,1850-02-15,0.14926606
Peru,1850-03-16,0.15087093
Peru,1850-04-16,0.13497281
Peru,1850-05-16,0.102066286
Peru,1850-06-16,0.06737594
Peru,1850-07-16,0.074608065
Peru,1850-08-16,0.12752356
Peru,1850-09-16,0.17332752
Peru,1850-10-16,0.1928986
Peru,1850-11-16,0.14596818
Peru,1850-12-16,0.09378932
Philippines,1850-01-16,0.14234032
Philippines,1850-02-15,0.13604964
Philippines,1850-03-16,0.15694681
Philippines,1850-04-16,0.18252216
Philippines,1850-05-16,0.15352714
Philippines,1850-06-16,0.19595677
Philippines,1850-07-16,0.15649761
Philippines,1850-08-16,0.14008726
Philippines,1850-09-16,0.123916216
Philippines,1850-10-16,0.12156042
Philippines,1850-11-16,0.15248212
Philippines,1850-12-16,0.1576351
Poland,1850-01-16,0.12049819
Poland,1850-02-15,0.11310399
Poland,1850-03-16,0.11402154
Poland,1850-04-16,0.1546605
Poland,1850-05-16,0.06950824
Poland,1850-06-16,0.10000336
Poland,1850-07-16,0.09989412
Poland,1850-08-16,0.07059416
Poland,1850-09-16,0.055459056
Poland,1850-10-16,0.054563105
Poland,1850-11-16,0.103824526
Poland,1850-12-16,0.100740865
Portugal,1850-01-16,0.06614891
Portugal,1850-02-15,0.0910311
Portugal,1850-03-16,0.11495639
Portugal,1850-04-16,0.11172387
Portugal,1850-05-16,0.11740526
Portugal,1850-06-16,0.094032794
Portugal,1850-07-16,0.06951098
Portugal,1850-08-16,0.122964546
Portugal,1850-09-16,0.093320996
Portugal,1850-10-16,0.10974118
Portugal,1850-11-16,0.09178959
Portugal,1850-12-16,0.054431926
Puerto Rico,1850-01-16,0.08614721
Puerto Rico,1850-02-15,0.07358385
Puerto Rico,1850-03-16,0.06589798
Puerto Rico,1850-04-16,0.08286328
Puerto Rico,1850-05-16,0.11438979
Puerto Rico,1850-06-16,0.096555464
Puerto Rico,1850-07-16,0.14116536
Puerto Rico,1850-08-16,0.17149046
Puerto Rico,1850-09-16,0.13111691
Puerto Rico,1850-10-16,0.07765688
Puerto Rico,1850-11-16,0.09716726
Puerto Rico,1850-12-16,0.05554307
Republic of Serbia,1850-01-16,0.101387896
Republic of Serbia,1850-02-15,0.06459261
Republic of Serbia,1850-03-16,0.13167521
Republic of Serbia,1850-04-16,0.10591353
Republic of Serbia,1850-05-16,0.07411398
Republic of Serbia,1850-06-16,0.14719893
Republic of Serbia,1850-07-16,0.12210279
Republic of Serbia,1850-08-16,0.10785671
Republic of Serbia,1850-09-16,0.12083401
Republic of Serbia,1850-10-16,0.07806259
Republic of Serbia,1850-11-16,0.08428547
Republic of Serbia,1850-12-16,0.061510965
Republic of the Congo,1850-01-16,0.55179864
Republic of the Congo,1850-02-15,0.5166858
Republic of the Congo,1850-03-16,0.45082068
Republic of the Congo,1850-04-16,0.20904377
Republic of the Congo,1850-05-16,0.20108852
Republic of the Congo,1850-06-16,0.33556274
Republic of the Congo,1850-07-16,0.5643629
Republic of the Congo,1850-08-16,0.50151765
Republic of the Congo,1850-09-16,0.27227205
Republic of the Congo,1850-10-16,0.15317962
Republic of the Congo,1850-11-16,0.2261256
Republic of the Congo,1850-12-16,0.5046434
Romania,1850-01-16,0.08900112
Romania,1850-02-15,0.073779985
Romania,1850-03-16,0.121949136
Romania,1850-04-16,0.10509229
Romania,1850-05-16,0.06644128
Romania,1850-06-16,0.15100816
Romania,1850-07-16,0.13949126
Romania,1850-08-16,0.07846524
Romania,1850-09-16,0.06351284
Romania,1850-10-16,0.06895677
Romania,1850-11-16,0.0787195
Romania,1850-12-16,0.06860291
Russia,1850-01-16,0.0315005
Russia,1850-02-15,0.03825693
Russia,1850-03-16,0.04852678
Russia,1850-04-16,0.06398766
Russia,1850-05-16,0.054379575
Russia,1850-06-16,0.062330805
Russia,1850-07-16,0.08866245
Russia,1850-08-16,0.06851755
Russia,1850-09-16,0.048803657
Russia,1850-10-16,0.034273166
Russia,1850-11-16,0.028696816
Russia,1850-12-16,0.032111634
Rwanda,1850-01-16,0.24449049
Rwanda,1850-02-15,0.3332981
Rwanda,1850-03-16,0.10107754
Rwanda,1850-04-16,0.04509213
Rwanda,1850-05-16,0.051758394
Rwanda,1850-06-16,0.06536266
Rwanda,1850-07-16,0.15459448
Rwanda,1850-08-16,0.19573659
Rwanda,1850-09-16,0.13814458
Rwanda,1850-10-16,0.0861946
Rwanda,1850-11-16,0.039944418
Rwanda,1850-12-16,0.15289989
Saudi Arabia,1850-01-16,0.07278316
Saudi Arabia,1850-02-15,0.1175527
Saudi Arabia,1850-03-16,0.2313731
Saudi Arabia,1850-04-16,0.18728936
Saudi Arabia,1850-05-16,0.22398062
Saudi Arabia,1850-06-16,0.29541865
Saudi Arabia,1850-07-16,0.22389469
Saudi Arabia,1850-08-16,0.2828565
Saudi Arabia,1850-09-16,0.1688672
Saudi Arabia,1850-10-16,0.14455526
Saudi Arabia,1850-11-16,0.09630184
Saudi Arabia,1850-12-16,0.056383237
Senegal,1850-01-16,0.15898852
Senegal,1850-02-15,0.25433117
Senegal,1850-03-16,0.4007119
Senegal,1850-04-16,0.4562057
Senegal,1850-05-16,0.73261327
Senegal,1850-06-16,0.6299966
Senegal,1850-07-16,0.40921915
Senegal,1850-08-16,0.42006642
Senegal,1850-09-16,0.3128248
Senegal,1850-10-16,0.25019515
Senegal,1850-11-16,0.19349448
Senegal,1850-12-16,0.12927097
Sierra Leone,1850-01-16,0.2515839
Sierra Leone,1850-02-15,0.33225077
Sierra Leone,1850-03-16,0.5340702
Sierra Leone,1850-04-16,0.5138978
Sierra Leone,1850-05-16,0.51875323
Sierra Leone,1850-06-16,0.32793063
Sierra Leone,1850-07-16,0.16379373
Sierra Leone,1850-08-16,0.26216954
Sierra Leone,1850-09-16,0.2484285
Sierra Leone,1850-10-16,0.2317709
Sierra Leone,1850-11-16,0.2369819
Sierra Leone,1850-12-16,0.18588209
Slovakia,1850-01-16,0.115350865
Slovakia,1850-02-15,0.09845987
Slovakia,1850-03-16,0.11836249
Slovakia,1850-04-16,0.11986937
Slovakia,1850-05-16,0.069372
Slovakia,1850-06-16,0.11690441
Slovakia,1850-07-16,0.10692891
Slovakia,1850-08-16,0.07042568
Slovakia,1850-09-16,0.059760097
Slovakia,1850-10-16,0.055179007
Slovakia,1850-11-16,0.103308365
Slovakia,1850-12-16,0.08502584
Slovenia,1850-01-16,0.09236205
Slovenia,1850-02-15,0.06805314
Slovenia,1850-03-16,0.12891679
Slovenia,1850-04-16,0.12020813
Slovenia,1850-05-16,0.06790389
Slovenia,1850-06-16,0.123752214
Slovenia,1850-07-16,0.095346555
Slovenia,1850-08-16,0.098222144
Slovenia,1850-09-16,0.09044263
Slovenia,1850-10-16,0.07656961
Slovenia,1850-11-16,0.099989116
Slovenia,1850-12-16,0.055709757
Solomon Islands,1850-01-16,0.14944421
Solomon Islands,1850-02-15,0.09883842
Solomon Islands,1850-03-16,0.067520484
Solomon Islands,1850-04-16,0.06525949
Solomon Islands,1850-05-16,0.14616516
Solomon Islands,1850-06-16,0.14672957
Solomon Islands,1850-07-16,0.15160857
Solomon Islands,1850-08-16,0.118530765
Solomon Islands,1850-09-16,0.12092905
Solomon Islands,1850-10-16,0.12636496
Solomon Islands,1850-11-16,0.08552964
Solomon Islands,1850-12-16,0.11081008
Somalia,1850-01-16,0.06428629
Somalia,1850-02-15,0.08299821
Somalia,1850-03-16,0.09435376
Somalia,1850-04-16,0.088623784
Somalia,1850-05-16,0.108181804
Somalia,1850-06-16,0.12829432
Somalia,1850-07-16,0.2206632
Somalia,1850-08-16,0.2880212
Somalia,1850-09-16,0.22707468
Somalia,1850-10-16,0.1113838
Somalia,1850-11-16,0.09041451
Somalia,1850-12-16,0.07304337
Somaliland,1850-01-16,0.053416613
Somaliland,1850-02-15,0.079671964
Somaliland,1850-03-16,0.09075283
Somaliland,1850-04-16,0.08265552
Somaliland,1850-05-16,0.08196707
Somaliland,1850-06-16,0.120392494
Somaliland,1850-07-16,0.2325634
Somaliland,1850-08-16,0.31962606
Somaliland,1850-09-16,0.25446656
Somaliland,1850-10-16,0.10992815
Somaliland,1850-11-16,0.07318354
Somaliland,1850-12-16,0.0635811
South Africa,1850-01-16,0.12808791
South Africa,1850-02-15,0.075866885
South Africa,1850-03-16,0.05496374
South Africa,1850-04-16,0.050484847
South Africa,1850-05-16,0.03419785
South Africa,1850-06-16,0.03800487
South Africa,1850-07-16,0.05135915
South Africa,1850-08-16,0.06600921
South Africa,1850-09-16,0.1310207
South Africa,1850-10-16,0.14185084
South Africa,1850-11-16,0.121962555
South Africa,1850-12-16,0.11471999
South Korea,1850-01-16,0.06943511
South Korea,1850-02-15,0.06405172
South Korea,1850-03-16,0.11293283
South Korea,1850-04-16,0.13650143
South Korea,1850-05-16,0.13435777
South Korea,1850-06-16,0.14270288
South Korea,1850-07-16,0.15148774
South Korea,1850-08-16,0.13895144
South Korea,1850-09-16,0.09238961
South Korea,1850-10-16,0.08473289
South Korea,1850-11-16,0.06816031
South Korea,1850-12-16,0.05462315
South Sudan,1850-01-16,0.19558418
South Sudan,1850-02-15,0.20985585
South Sudan,1850-03-16,0.26867872
South Sudan,1850-04-16,0.24791874
South Sudan,1850-05-16,0.22870077
South Sudan,1850-06-16,0.13083622
South Sudan,1850-07-16,0.23307858
South Sudan,1850-08-16,0.34252664
South Sudan,1850-09-16,0.19299453
South Sudan,1850-10-16,0.13433814
South Sudan,1850-11-16,0.17000668
South Sudan,1850-12-16,0.18111868
Spain,1850-01-16,0.049255714
Spain,1850-02-15,0.058647737
Spain,1850-03-16,0.11140703
Spain,1850-04-16,0.10269584
Spain,1850-05-16,0.102481455
Spain,1850-06-16,0.11679805
Spain,1850-07-16,0.11673817
Spain,1850-08-16,0.16499306
Spain,1850-09-16,0.10498511
Spain,1850-10-16,0.0732051
Spain,1850-11-16,0.057723053
Spain,1850-12-16,0.036572784
Sri Lanka,1850-01-16,0.116616726
Sri Lanka,1850-02-15,0.088143565
Sri Lanka,1850-03-16,0.16599303
Sri Lanka,1850-04-16,0.15205057
Sri Lanka,1850-05-16,0.15860158
Sri Lanka,1850-06-16,0.25531584
Sri Lanka,1850-07-16,0.22501338
Sri Lanka,1850-08-16,0.18957
Sri Lanka,1850-09-16,0.19720387
Sri Lanka,1850-10-16,0.11607107
Sri Lanka,1850-11-16,0.10150223
Sri Lanka,1850-12-16,0.14831366
Sudan,1850-01-16,0.10382849
Sudan,1850-02-15,0.10283147
Sudan,1850-03-16,0.19707833
Sudan,1850-04-16,0.36351085
Sudan,1850-05-16,0.2871637
Sudan,1850-06-16,0.3054801
Sudan,1850-07-16,0.3419409
Sudan,1850-08-16,0.382644
Sudan,1850-09-16,0.25893945
Sudan,1850-10-16,0.17534615
Sudan,1850-11-16,0.14103553
Sudan,1850-12-16,0.10418529
Suriname,1850-01-16,0.13728282
Suriname,1850-02-15,0.16577384
Suriname,1850-03-16,0.14683849
Suriname,1850-04-16,0.18146937
Suriname,1850-05-16,0.1902394
Suriname,1850-06-16,0.14770181
Suriname,1850-07-16,0.18169445
Suriname,1850-08-16,0.15733662
Suriname,1850-09-16,0.16368783
Suriname,1850-10-16,0.14577621
Suriname,1850-11-16,0.17927581
Suriname,1850-12-16,0.15655169
Swaziland,1850-01-16,0.1341058
Swaziland,1850-02-15,0.10411348
Swaziland,1850-03-16,0.10093638
Swaziland,1850-04-16,0.074609704
Swaziland,1850-05-16,0.05038642
Swaziland,1850-06-16,0.049380902
Swaziland,1850-07-16,0.076914854
Swaziland,1850-08-16,0.14580527
Swaziland,1850-09-16,0.32442525
Swaziland,1850-10-16,0.25417164
Swaziland,1850-11-16,0.20087668
Swaziland,1850-12-16,0.14056753
Sweden,1850-01-16,0.069040775
Sweden,1850-02-15,0.06339309
Sweden,1850-03-16,0.066183
Sweden,1850-04-16,0.04812221
Sweden,1850-05-16,0.06458178
Sweden,1850-06-16,0.052990083
Sweden,1850-07-16,0.05619598
Sweden,1850-08-16,0.04928478
Sweden,1850-09-16,0.03893907
Sweden,1850-10-16,0.04378681
Sweden,1850-11-16,0.05725014
Sweden,1850-12-16,0.039111305
Switzerland,1850-01-16,0.09741085
Switzerland,1850-02-15,0.07341126
Switzerland,1850-03-16,0.09481504
Switzerland,1850-04-16,0.15613058
Switzerland,1850-05-16,0.072580576
Switzerland,1850-06-16,0.09529865
Switzerland,1850-07-16,0.08257177
Switzerland,1850-08-16,0.08027137
Switzerland,1850-09-16,0.06806267
Switzerland,1850-10-16,0.05376486
Switzerland,1850-11-16,0.075106405
Switzerland,1850-12-16,0.07987671
Syria,1850-01-16,0.09550284
Syria,1850-02-15,0.041060604
Syria,1850-03-16,0.11868959
Syria,1850-04-16,0.13272473
Syria,1850-05-16,0.16377996
Syria,1850-06-16,0.17052367
Syria,1850-07-16,0.094445154
Syria,1850-08-16,0.072427064
Syria,1850-09-16,0.084476076
Syria,1850-10-16,0.11930259
Syria,1850-11-16,0.07040273
Syria,1850-12-16,0.053643268
Taiwan,1850-01-16,0.07003509
Taiwan,1850-02-15,0.13319913
Taiwan,1850-03-16,0.16492563
Taiwan,1850-04-16,0.301647
Taiwan,1850-05-16,0.24500729
Taiwan,1850-06-16,0.15845689
Taiwan,1850-07-16,0.2003118
Taiwan,1850-08-16,0.12547462
Taiwan,1850-09-16,0.11163679
Taiwan,1850-10-16,0.08124098
Taiwan,1850-11-16,0.09210643
Taiwan,1850-12-16,0.06578024
Tajikistan,1850-01-16,0.036859307
Tajikistan,1850-02-15,0.04286436
Tajikistan,1850-03-16,0.09007374
Tajikistan,1850-04-16,0.086185865
Tajikistan,1850-05-16,0.10651625
Tajikistan,1850-06-16,0.09827441
Tajikistan,1850-07-16,0.06111076
Tajikistan,1850-08-16,0.05675516
Tajikistan,1850-09-16,0.05626628
Tajikistan,1850-10-16,0.062395167
Tajikistan,1850-11-16,0.044148266
Tajikistan,1850-12-16,0.022611847
Thailand,1850-01-16,0.19356374
Thailand,1850-02-15,0.25585437
Thailand,1850-03-16,0.44297162
Thailand,1850-04-16,0.3954314
Thailand,1850-05-16,0.30700353
Thailand,1850-06-16,0.37809122
Thailand,1850-07-16,0.25465193
Thailand,1850-08-16,0.16378012
Thailand,1850-09-16,0.11688187
Thailand,1850-10-16,0.09526758
Thailand,1850-11-16,0.07509067
Thailand,1850-12-16,0.081028044
The Bahamas,1850-01-16,0.09416094
The Bahamas,1850-02-15,0.06572604
The Bahamas,1850-03-16,0.06992483
The Bahamas,1850-04-16,0.098803855
The Bahamas,1850-05-16,0.11822403
The Bahamas,1850-06-16,0.09076724
The Bahamas,1850-07-16,0.11555194
The Bahamas,1850-08-16,0.14900407
The Bahamas,1850-09-16,0.107662216
The Bahamas,1850-10-16,0.071451694
The Bahamas,1850-11-16,0.07854688
The Bahamas,1850-12-16,0.056736834
Togo,1850-01-16,0.277091
Togo,1850-02-15,0.31125116
Togo,1850-03-16,0.5336126
Togo,1850-04-16,0.5745846
Togo,1850-05-16,0.5146199
Togo,1850-06-16,0.22261417
Togo,1850-07-16,0.17319798
Togo,1850-08-16,0.2962746
Togo,1850-09-16,0.2726977
Togo,1850-10-16,0.24717498
Togo,1850-11-16,0.29474485
Togo,1850-12-16,0.26917887
Tunisia,1850-01-16,0.1104501
Tunisia,1850-02-15,0.07415683
Tunisia,1850-03-16,0.2260019
Tunisia,1850-04-16,0.29263505
Tunisia,1850-05-16,0.29440823
Tunisia,1850-06-16,0.5108154
Tunisia,1850-07-16,0.35954547
Tunisia,1850-08-16,0.3249976
Tunisia,1850-09-16,0.362929
Tunisia,1850-10-16,0.20123877
Tunisia,1850-11-16,0.1388378
Tunisia,1850-12-16,0.108487755
Turkey,1850-01-16,0.0720937
Turkey,1850-02-15,0.04528459
Turkey,1850-03-16,0.11062618
Turkey,1850-04-16,0.115055025
Turkey,1850-05-16,0.115803935
Turkey,1850-06-16,0.14467093
Turkey,1850-07-16,0.09039867
Turkey,1850-08-16,0.08102208
Turkey,1850-09-16,0.09409479
Turkey,1850-10-16,0.10098236
Turkey,1850-11-16,0.0445665
Turkey,1850-12-16,0.049252924
Turkmenistan,1850-01-16,0.11740589
Turkmenistan,1850-02-15,0.22789966
Turkmenistan,1850-03-16,0.3067449
Turkmenistan,1850-04-16,0.121995196
Turkmenistan,1850-05-16,0.11020712
Turkmenistan,1850-06-16,0.10620401
Turkmenistan,1850-07-16,0.122867085
Turkmenistan,1850-08-16,0.18426421
Turkmenistan,1850-09-16,0.19549601
Turkmenistan,1850-10-16,0.343498
Turkmenistan,1850-11-16,0.10191852
Turkmenistan,1850-12-16,0.0831798
USA,1850-01-16,0.031636577
USA,1850-02-15,0.03157648
USA,1850-03-16,0.03600488
USA,1850-04-16,0.047179863
USA,1850-05-16,0.057723828
USA,1850-06-16,0.073807746
USA,1850-07-16,0.09626332
USA,1850-08-16,0.10037491
USA,1850-09-16,0.063792415
USA,1850-10-16,0.038371976
USA,1850-11-16,0.03296383
USA,1850-12-16,0.030893235
Uganda,1850-01-16,0.20612575
Uganda,1850-02-15,0.21897653
Uganda,1850-03-16,0.13140458
Uganda,1850-04-16,0.0757033
Uganda,1850-05-16,0.07126179
Uganda,1850-06-16,0.08293349
Uganda,1850-07-16,0.1478967
Uganda,1850-08-16,0.19413564
Uganda,1850-09-16,0.13295087
Uganda,1850-10-16,0.09277268
Uganda,1850-11-16,0.060657598
Uganda,1850-12-16,0.18006682
Ukraine,1850-01-16,0.08343736
Ukraine,1850-02-15,0.089656025
Ukraine,1850-03-16,0.108445786
Ukraine,1850-04-16,0.1243654
Ukraine,1850-05-16,0.07531491
Ukraine,1850-06-16,0.1306859
Ukraine,1850-07-16,0.14745156
Ukraine,1850-08-16,0.0657818
Ukraine,1850-09-16,0.053677402
Ukraine,1850-10-16,0.05722552
Ukraine,1850-11-16,0.0723251
Ukraine,1850-12-16,0.075947516
United Arab Emirates,1850-01-16,0.071577445
United Arab Emirates,1850-02-15,0.13808456
United Arab Emirates,1850-03-16,0.25015813
United Arab Emirates,1850-04-16,0.20266792
United Arab Emirates,1850-05-16,0.2196999
United Arab Emirates,1850-06-16,0.29135355
United Arab Emirates,1850-07-16,0.17395072
United Arab Emirates,1850-08-16,0.2957924
United Arab Emirates,1850-09-16,0.14728291
United Arab Emirates,1850-10-16,0.16361114
United Arab Emirates,1850-11-16,0.10106017
United Arab Emirates,1850-12-16,0.056705445
United Republic of Tanzania,1850-01-16,0.14828509
United Republic of Tanzania,1850-02-15,0.18191952
United Republic of Tanzania,1850-03-16,0.084602624
United Republic of Tanzania,1850-04-16,0.060862064
United Republic of Tanzania,1850-05-16,0.067423925
United Republic of Tanzania,1850-06-16,0.07332883
United Republic of Tanzania,1850-07-16,0.110509224
United Republic of Tanzania,1850-08-16,0.120476045
United Republic of Tanzania,1850-09-16,0.123916216
United Republic of Tanzania,1850-10-16,0.105233185
United Republic of Tanzania,1850-11-16,0.072108425
United Republic of Tanzania,1850-12-16,0.09278048
Uruguay,1850-01-16,0.114186086
Uruguay,1850-02-15,0.15531054
Uruguay,1850-03-16,0.072223775
Uruguay,1850-04-16,0.06424225
Uruguay,1850-05-16,0.06612668
Uruguay,1850-06-16,0.057260543
Uruguay,1850-07-16,0.08965416
Uruguay,1850-08-16,0.12043544
Uruguay,1850-09-16,0.22253668
Uruguay,1850-10-16,0.4070044
Uruguay,1850-11-16,0.13671468
Uruguay,1850-12-16,0.21594422
Uzbekistan,1850-01-16,0.078987435
Uzbekistan,1850-02-15,0.0907843
Uzbekistan,1850-03-16,0.22520065
Uzbekistan,1850-04-16,0.11643791
Uzbekistan,1850-05-16,0.094435245
Uzbekistan,1850-06-16,0.08155008
Uzbekistan,1850-07-16,0.08529666
Uzbekistan,1850-08-16,0.09537654
Uzbekistan,1850-09-16,0.11332612
Uzbekistan,1850-10-16,0.15900037
Uzbekistan,1850-11-16,0.055447757
Uzbekistan,1850-12-16,0.086704105
Vanuatu,1850-01-16,0.14373146
Vanuatu,1850-02-15,0.13439573
Vanuatu,1850-03-16,0.08324028
Vanuatu,1850-04-16,0.10150652
Vanuatu,1850-05-16,0.13175008
Vanuatu,1850-06-16,0.11333104
Vanuatu,1850-07-16,0.09528697
Vanuatu,1850-08-16,0.080804795
Vanuatu,1850-09-16,0.105083965
Vanuatu,1850-10-16,0.11708893
Vanuatu,1850-11-16,0.11665428
Vanuatu,1850-12-16,0.12120336
Venezuela,1850-01-16,0.12976985
Venezuela,1850-02-15,0.16772242
Venezuela,1850-03-16,0.18228407
Venezuela,1850-04-16,0.2183457
Venezuela,1850-05-16,0.24891628
Venezuela,1850-06-16,0.15223248
Venezuela,1850-07-16,0.12399118
Venezuela,1850-08-16,0.16891018
Venezuela,1850-09-16,0.1684635
Venezuela,1850-10-16,0.16845487
Venezuela,1850-11-16,0.15707307
Venezuela,1850-12-16,0.10660294
Vietnam,1850-01-16,0.13629638
Vietnam,1850-02-15,0.28860652
Vietnam,1850-03-16,0.39768955
Vietnam,1850-04-16,0.38201702
Vietnam,1850-05-16,0.32309854
Vietnam,1850-06-16,0.2664437
Vietnam,1850-07-16,0.16858107
Vietnam,1850-08-16,0.13759202
Vietnam,1850-09-16,0.11143848
Vietnam,1850-10-16,0.10273328
Vietnam,1850-11-16,0.097300105
Vietnam,1850-12-16,0.09466059
Western Sahara,1850-01-16,0.10705469
Western Sahara,1850-02-15,0.120853506
Western Sahara,1850-03-16,0.22099213
Western Sahara,1850-04-16,0.18775111
Western Sahara,1850-05-16,0.42784324
Western Sahara,1850-06-16,0.4889091
Western Sahara,1850-07-16,0.60815126
Western Sahara,1850-08-16,0.507512
Western Sahara,1850-09-16,0.3215026
Western Sahara,1850-10-16,0.16671596
Western Sahara,1850-11-16,0.09565329
Western Sahara,1850-12-16,0.08081367
Yemen,1850-01-16,0.077304915
Yemen,1850-02-15,0.1577752
Yemen,1850-03-16,0.23078364
Yemen,1850-04-16,0.13491938
Yemen,1850-05-16,0.20175509
Yemen,1850-06-16,0.2530395
Yemen,1850-07-16,0.33012193
Yemen,1850-08-16,0.47213307
Yemen,1850-09-16,0.29863507
Yemen,1850-10-16,0.16883008
Yemen,1850-11-16,0.09159898
Yemen,1850-12-16,0.07314039
Zambia,1850-01-16,0.0882341
Zambia,1850-02-15,0.100445926
Zambia,1850-03-16,0.07909618
Zambia,1850-04-16,0.045835495
Zambia,1850-05-16,0.040958114
Zambia,1850-06-16,0.07684123
Zambia,1850-07-16,0.12165323
Zambia,1850-08-16,0.17856844
Zambia,1850-09-16,0.21387231
Zambia,1850-10-16,0.20944165
Zambia,1850-11-16,0.11477862
Zambia,1850-12-16,0.08597955
Zimbabwe,1850-01-16,0.07461482
Zimbabwe,1850-02-15,0.06623355
Zimbabwe,1850-03-16,0.064959556
Zimbabwe,1850-04-16,0.045714032
Zimbabwe,1850-05-16,0.035530284
Zimbabwe,1850-06-16,0.07409426
Zimbabwe,1850-07-16,0.08112325
Zimbabwe,1850-08-16,0.14176877
Zimbabwe,1850-09-16,0.19670574
Zimbabwe,1850-10-16,0.19809921
Zimbabwe,1850-11-16,0.12726788
Zimbabwe,1850-12-16,0.11771182
